<application>
  <component name="EasyCodeSetting">
    <option name="author" value="hugoDD" />
    <option name="columnConfigGroupMap">
      <map>
        <entry key="Default">
          <value>
            <ColumnConfigGroup>
              <option name="elementList">
                <list>
                  <ColumnConfig>
                    <option name="selectValue" value="true" />
                    <option name="title" value="dictType" />
                    <option name="type" value="TEXT" />
                  </ColumnConfig>
                  <ColumnConfig>
                    <option name="title" value="isQuery" />
                    <option name="type" value="BOOLEAN" />
                  </ColumnConfig>
                  <ColumnConfig>
                    <option name="selectValue" value="input,textarea,select,radio,checkbox,datetime" />
                    <option name="title" value="htmlType" />
                    <option name="type" value="SELECT" />
                  </ColumnConfig>
                  <ColumnConfig>
                    <option name="selectValue" value="eq,ne,gt,gte,lt,lte,re,between" />
                    <option name="title" value="queryType" />
                    <option name="type" value="SELECT" />
                  </ColumnConfig>
                </list>
              </option>
              <option name="name" value="Default" />
            </ColumnConfigGroup>
          </value>
        </entry>
        <entry key="graphqlVue">
          <value>
            <ColumnConfigGroup>
              <option name="elementList">
                <list>
                  <ColumnConfig>
                    <option name="selectValue" value="dsafdf,sys_job_group,sys_job_status,sys_normal_disable,sys_notice_status,sys_notice_type,sys_oper_type,sys_show_hide,sys_user_sex,sys_yes_no" />
                    <option name="title" value="dictType" />
                    <option name="type" value="SELECT" />
                  </ColumnConfig>
                  <ColumnConfig>
                    <option name="title" value="isQuery" />
                    <option name="type" value="BOOLEAN" />
                  </ColumnConfig>
                  <ColumnConfig>
                    <option name="selectValue" value="input,textarea,select,radio,checkbox,datetime" />
                    <option name="title" value="htmlType" />
                    <option name="type" value="SELECT" />
                  </ColumnConfig>
                  <ColumnConfig>
                    <option name="selectValue" value="eq,ne,gt,gte,lt,lte,re,between" />
                    <option name="title" value="queryType" />
                    <option name="type" value="SELECT" />
                  </ColumnConfig>
                  <ColumnConfig>
                    <option name="title" value="isRequired" />
                    <option name="type" value="BOOLEAN" />
                  </ColumnConfig>
                </list>
              </option>
              <option name="name" value="graphqlVue" />
            </ColumnConfigGroup>
          </value>
        </entry>
        <entry key="query_type">
          <value>
            <ColumnConfigGroup>
              <option name="elementList">
                <list>
                  <ColumnConfig>
                    <option name="title" value="disable" />
                    <option name="type" value="BOOLEAN" />
                  </ColumnConfig>
                  <ColumnConfig>
                    <option name="title" value="IsQuery" />
                    <option name="type" value="BOOLEAN" />
                  </ColumnConfig>
                  <ColumnConfig>
                    <option name="title" value="html_type" />
                    <option name="type" value="TEXT" />
                  </ColumnConfig>
                </list>
              </option>
              <option name="name" value="query_type" />
            </ColumnConfigGroup>
          </value>
        </entry>
      </map>
    </option>
    <option name="currColumnConfigGroupName" value="graphqlVue" />
    <option name="currTemplateGroupName" value="graphqlVue" />
    <option name="globalConfigGroupMap">
      <map>
        <entry key="Default">
          <value>
            <GlobalConfigGroup>
              <option name="elementList">
                <list>
                  <GlobalConfig>
                    <option name="name" value="init" />
                    <option name="value" value="##初始化区域&#10;&#10;##去掉表的t_前缀&#10;$!tableInfo.setName($tool.getClassName($tableInfo.obj.name.replaceFirst(&quot;book_&quot;,&quot;&quot;)))&#10;&#10;##参考阿里巴巴开发手册，POJO 类中布尔类型的变量，都不要加 is 前缀，否则部分框架解析会引起序列化错误&#10;#foreach($column in $tableInfo.fullColumn)&#10;#if($column.name.startsWith(&quot;is&quot;) &amp;&amp; $column.type.equals(&quot;java.lang.Boolean&quot;))&#10;    $!column.setName($tool.firstLowerCase($column.name.substring(2)))&#10;#end&#10;#end&#10;&#10;##实现动态排除列&#10;#set($temp = $tool.newHashSet(&quot;testCreateTime&quot;, &quot;otherColumn&quot;))&#10;#foreach($item in $temp)&#10;    #set($newList = $tool.newArrayList())&#10;    #foreach($column in $tableInfo.fullColumn)&#10;        #if($column.name!=$item)&#10;            ##带有反回值的方法调用时使用$tool.call来消除返回值&#10;            $tool.call($newList.add($column))&#10;        #end&#10;    #end&#10;    ##重新保存&#10;    $tableInfo.setFullColumn($newList)&#10;#end&#10;&#10;##对importList进行篡改&#10;#set($temp = $tool.newHashSet())&#10;#foreach($column in $tableInfo.fullColumn)&#10;    #if(!$column.type.startsWith(&quot;java.lang.&quot;))&#10;        ##带有反回值的方法调用时使用$tool.call来消除返回值&#10;        $tool.call($temp.add($column.type))&#10;    #end&#10;#end&#10;##覆盖&#10;#set($importList = $temp)" />
                  </GlobalConfig>
                  <GlobalConfig>
                    <option name="name" value="define" />
                    <option name="value" value="##（Velocity宏定义）&#10;&#10;#macro(initModule)&#10;    #set($moduleName = $tableInfo.obj.name.split(&quot;_&quot;)[0])&#10;    #set($businessName = $tableInfo.obj.name.split(&quot;_&quot;)[1])&#10;#end&#10;&#10;##定义设置表名后缀的宏定义，调用方式：#setTableSuffix(&quot;Test&quot;)&#10;#macro(setTableSuffix $suffix)&#10;    #set($tableName = $!tool.append($tableInfo.name, $suffix))&#10;#end&#10;&#10;##定义设置包名后缀的宏定义，调用方式：#setPackageSuffix(&quot;Test&quot;)&#10;#macro(setPackageSuffix $suffix)&#10;#if($suffix!=&quot;&quot;)package #end#if($tableInfo.savePackageName!=&quot;&quot;)$!{tableInfo.savePackageName}.#{end}$!suffix;&#10;#end&#10;&#10;##定义直接保存路径与文件名简化的宏定义，调用方式：#save(&quot;/entity&quot;, &quot;.java&quot;)&#10;#macro(save $path $fileName)&#10;    $!callback.setSavePath($tool.append($tableInfo.savePath, $path))&#10;    $!callback.setFileName($tool.append($tableInfo.name, $fileName))&#10;#end&#10;&#10;##定义表注释的宏定义，调用方式：#tableComment(&quot;注释信息&quot;)&#10;#macro(tableComment $desc)&#10;/**&#10; * $!{tableInfo.comment}($!{tableInfo.name})$desc&#10; *&#10; * @author $!author&#10; * @since $!time.currTime()&#10; */&#10;#end&#10;&#10;##定义GET，SET方法的宏定义，调用方式：#getSetMethod($column)&#10;#macro(getSetMethod $column)&#10;&#10;    public $!{tool.getClsNameByFullName($column.type)} get$!{tool.firstUpperCase($column.name)}() {&#10;        return $!{column.name};&#10;    }&#10;&#10;    public void set$!{tool.firstUpperCase($column.name)}($!{tool.getClsNameByFullName($column.type)} $!{column.name}) {&#10;        this.$!{column.name} = $!{column.name};&#10;    }&#10;#end" />
                  </GlobalConfig>
                  <GlobalConfig>
                    <option name="name" value="autoImport" />
                    <option name="value" value="##自动导入包（仅导入实体属性需要的包，通常用于实体类）&#10;#foreach($import in $importList)&#10;import $!import;&#10;#end" />
                  </GlobalConfig>
                  <GlobalConfig>
                    <option name="name" value="mybatisSupport" />
                    <option name="value" value="##针对Mybatis 进行支持，主要用于生成xml文件&#10;#foreach($column in $tableInfo.fullColumn)&#10;    ##储存列类型&#10;    $tool.call($column.ext.put(&quot;sqlType&quot;, $tool.getField($column.obj.dataType, &quot;typeName&quot;)))&#10;    #if($tool.newHashSet(&quot;java.lang.String&quot;).contains($column.type))&#10;        #set($jdbcType=&quot;VARCHAR&quot;)&#10;    #elseif($tool.newHashSet(&quot;java.lang.Boolean&quot;, &quot;boolean&quot;).contains($column.type))&#10;        #set($jdbcType=&quot;BOOLEAN&quot;)&#10;    #elseif($tool.newHashSet(&quot;java.lang.Byte&quot;, &quot;byte&quot;).contains($column.type))&#10;        #set($jdbcType=&quot;BYTE&quot;)&#10;    #elseif($tool.newHashSet(&quot;java.lang.Integer&quot;, &quot;int&quot;, &quot;java.lang.Short&quot;, &quot;short&quot;).contains($column.type))&#10;        #set($jdbcType=&quot;INTEGER&quot;)&#10;    #elseif($tool.newHashSet(&quot;java.lang.Long&quot;, &quot;long&quot;).contains($column.type))&#10;        #set($jdbcType=&quot;INTEGER&quot;)&#10;    #elseif($tool.newHashSet(&quot;java.lang.Float&quot;, &quot;float&quot;, &quot;java.lang.Double&quot;, &quot;double&quot;).contains($column.type))&#10;        #set($jdbcType=&quot;NUMERIC&quot;)&#10;    #elseif($tool.newHashSet(&quot;java.util.Date&quot;, &quot;java.sql.Timestamp&quot;, &quot;java.time.Instant&quot;, &quot;java.time.LocalDateTime&quot;, &quot;java.time.OffsetDateTime&quot;, &quot;&#9;java.time.ZonedDateTime&quot;).contains($column.type))&#10;        #set($jdbcType=&quot;TIMESTAMP&quot;)&#10;    #elseif($tool.newHashSet(&quot;java.sql.Date&quot;, &quot;java.time.LocalDate&quot;).contains($column.type))&#10;        #set($jdbcType=&quot;TIMESTAMP&quot;)&#10;    #else&#10;        ##其他类型&#10;        #set($jdbcType=&quot;OTHER&quot;)&#10;    #end&#10;    $tool.call($column.ext.put(&quot;jdbcType&quot;, $jdbcType))&#10;#end&#10;&#10;##定义宏，查询所有列&#10;#macro(allSqlColumn)#foreach($column in $tableInfo.fullColumn)$column.obj.name#if($velocityHasNext), #end#end#end" />
                  </GlobalConfig>
                  <GlobalConfig>
                    <option name="name" value="graphqlSupport" />
                    <option name="value" value="&#10;&#10;##定义宏，查询所有列&#10;#macro(allGraphqlColumn)&#10;    ##针对graphql 进行支持，主要用于生成graphql,js文件&#10;    #foreach($column in $tableInfo.fullColumn)&#10;        #if(${column.comment})&#10;  # ${column.comment}&#10;        #end&#10;    #if($tool.newHashSet(&quot;java.lang.String&quot;).contains($column.type))&#10;        $!{column.name}: String&#10;    #elseif($tool.newHashSet(&quot;java.lang.Boolean&quot;, &quot;boolean&quot;).contains($column.type))&#10;        ${column.name}: Boolean&#10;    #elseif($tool.newHashSet(&quot;java.lang.Byte&quot;, &quot;byte&quot;).contains($column.type))&#10;        ${column.name}: Object&#10;    #elseif($tool.newHashSet(&quot;java.lang.Integer&quot;, &quot;int&quot;, &quot;java.lang.Short&quot;, &quot;short&quot;).contains($column.type))&#10;       ${column.name}: Int&#10;    #elseif($tool.newHashSet(&quot;java.lang.Long&quot;, &quot;long&quot;).contains($column.type))&#10;        ${column.name}: Long&#10;    #elseif($tool.newHashSet(&quot;java.lang.Float&quot;, &quot;float&quot;, &quot;java.lang.Double&quot;, &quot;double&quot;).contains($column.type))&#10;        ${column.name}: String&#10;    #elseif($tool.newHashSet(&quot;java.util.Date&quot;, &quot;java.sql.Timestamp&quot;, &quot;java.time.Instant&quot;, &quot;java.time.LocalDateTime&quot;, &quot;java.time.OffsetDateTime&quot;, &quot;&#9;java.time.ZonedDateTime&quot;).contains($column.type))&#10;        ${column.name}: Date&#10;    #elseif($tool.newHashSet(&quot;java.sql.Date&quot;, &quot;java.time.LocalDate&quot;).contains($column.type))&#10;        ${column.name}: Date&#10;    #else&#10;        ${column.name}: Object&#10;    #end       &#10;    #end&#10;#end" />
                  </GlobalConfig>
                </list>
              </option>
              <option name="name" value="Default" />
            </GlobalConfigGroup>
          </value>
        </entry>
      </map>
    </option>
    <option name="templateGroupMap">
      <map>
        <entry key="Default">
          <value>
            <TemplateGroup>
              <option name="elementList">
                <list>
                  <Template>
                    <option name="code" value="##引入宏定义&#10;$!define&#10;&#10;##使用宏定义设置回调（保存位置与文件后缀）&#10;#save(&quot;/entity&quot;, &quot;.java&quot;)&#10;&#10;##使用宏定义设置包后缀&#10;#setPackageSuffix(&quot;entity&quot;)&#10;&#10;##使用全局变量实现默认包导入&#10;$!autoImport&#10;import java.io.Serializable;&#10;&#10;##使用宏定义实现类注释信息&#10;#tableComment(&quot;实体类&quot;)&#10;public class $!{tableInfo.name} implements Serializable {&#10;    private static final long serialVersionUID = $!tool.serial();&#10;#foreach($column in $tableInfo.fullColumn)&#10;    #if(${column.comment})/**&#10;    * ${column.comment}&#10;    */#end&#10;&#10;    private $!{tool.getClsNameByFullName($column.type)} $!{column.name};&#10;#end&#10;&#10;#foreach($column in $tableInfo.fullColumn)&#10;##使用宏定义实现get,set方法&#10;#getSetMethod($column)&#10;#end&#10;&#10;}" />
                    <option name="name" value="entity.java" />
                  </Template>
                  <Template>
                    <option name="code" value="##定义初始变量&#10;#set($tableName = $tool.append($tableInfo.name, &quot;Dao&quot;))&#10;##设置回调&#10;$!callback.setFileName($tool.append($tableName, &quot;.java&quot;))&#10;$!callback.setSavePath($tool.append($tableInfo.savePath, &quot;/dao&quot;))&#10;&#10;##拿到主键&#10;#if(!$tableInfo.pkColumn.isEmpty())&#10;    #set($pk = $tableInfo.pkColumn.get(0))&#10;#end&#10;&#10;#if($tableInfo.savePackageName)package $!{tableInfo.savePackageName}.#{end}dao;&#10;&#10;import $!{tableInfo.savePackageName}.entity.$!{tableInfo.name};&#10;import org.apache.ibatis.annotations.Param;&#10;import java.util.List;&#10;&#10;/**&#10; * $!{tableInfo.comment}($!{tableInfo.name})表数据库访问层&#10; *&#10; * @author $!author&#10; * @since $!time.currTime()&#10; */&#10;public interface $!{tableName} {&#10;&#10;    /**&#10;     * 通过ID查询单条数据&#10;     *&#10;     * @param $!pk.name 主键&#10;     * @return 实例对象&#10;     */&#10;    $!{tableInfo.name} queryById($!pk.shortType $!pk.name);&#10;&#10;    /**&#10;     * 查询指定行数据&#10;     *&#10;     * @param offset 查询起始位置&#10;     * @param limit 查询条数&#10;     * @return 对象列表&#10;     */&#10;    List&lt;$!{tableInfo.name}&gt; queryAllByLimit(@Param(&quot;offset&quot;) int offset, @Param(&quot;limit&quot;) int limit);&#10;&#10;&#10;    /**&#10;     * 通过实体作为筛选条件查询&#10;     *&#10;     * @param $!tool.firstLowerCase($!{tableInfo.name}) 实例对象&#10;     * @return 对象列表&#10;     */&#10;    List&lt;$!{tableInfo.name}&gt; queryAll($!{tableInfo.name} $!tool.firstLowerCase($!{tableInfo.name}));&#10;&#10;    /**&#10;     * 新增数据&#10;     *&#10;     * @param $!tool.firstLowerCase($!{tableInfo.name}) 实例对象&#10;     * @return 影响行数&#10;     */&#10;    int insert($!{tableInfo.name} $!tool.firstLowerCase($!{tableInfo.name}));&#10;&#10;    /**&#10;     * 修改数据&#10;     *&#10;     * @param $!tool.firstLowerCase($!{tableInfo.name}) 实例对象&#10;     * @return 影响行数&#10;     */&#10;    int update($!{tableInfo.name} $!tool.firstLowerCase($!{tableInfo.name}));&#10;&#10;    /**&#10;     * 通过主键删除数据&#10;     *&#10;     * @param $!pk.name 主键&#10;     * @return 影响行数&#10;     */&#10;    int deleteById($!pk.shortType $!pk.name);&#10;&#10;}" />
                    <option name="name" value="dao.java" />
                  </Template>
                  <Template>
                    <option name="code" value="##定义初始变量&#10;#set($tableName = $tool.append($tableInfo.name, &quot;Service&quot;))&#10;##设置回调&#10;$!callback.setFileName($tool.append($tableName, &quot;.java&quot;))&#10;$!callback.setSavePath($tool.append($tableInfo.savePath, &quot;/service&quot;))&#10;&#10;##拿到主键&#10;#if(!$tableInfo.pkColumn.isEmpty())&#10;    #set($pk = $tableInfo.pkColumn.get(0))&#10;#end&#10;&#10;#if($tableInfo.savePackageName)package $!{tableInfo.savePackageName}.#{end}service;&#10;&#10;import $!{tableInfo.savePackageName}.entity.$!{tableInfo.name};&#10;import java.util.List;&#10;&#10;/**&#10; * $!{tableInfo.comment}($!{tableInfo.name})表服务接口&#10; *&#10; * @author $!author&#10; * @since $!time.currTime()&#10; */&#10;public interface $!{tableName} {&#10;&#10;    /**&#10;     * 通过ID查询单条数据&#10;     *&#10;     * @param $!pk.name 主键&#10;     * @return 实例对象&#10;     */&#10;    $!{tableInfo.name} queryById($!pk.shortType $!pk.name);&#10;&#10;    /**&#10;     * 查询多条数据&#10;     *&#10;     * @param offset 查询起始位置&#10;     * @param limit 查询条数&#10;     * @return 对象列表&#10;     */&#10;    List&lt;$!{tableInfo.name}&gt; queryAllByLimit(int offset, int limit);&#10;&#10;    /**&#10;     * 新增数据&#10;     *&#10;     * @param $!tool.firstLowerCase($!{tableInfo.name}) 实例对象&#10;     * @return 实例对象&#10;     */&#10;    $!{tableInfo.name} insert($!{tableInfo.name} $!tool.firstLowerCase($!{tableInfo.name}));&#10;&#10;    /**&#10;     * 修改数据&#10;     *&#10;     * @param $!tool.firstLowerCase($!{tableInfo.name}) 实例对象&#10;     * @return 实例对象&#10;     */&#10;    $!{tableInfo.name} update($!{tableInfo.name} $!tool.firstLowerCase($!{tableInfo.name}));&#10;&#10;    /**&#10;     * 通过主键删除数据&#10;     *&#10;     * @param $!pk.name 主键&#10;     * @return 是否成功&#10;     */&#10;    boolean deleteById($!pk.shortType $!pk.name);&#10;&#10;}" />
                    <option name="name" value="service.java" />
                  </Template>
                  <Template>
                    <option name="code" value="##定义初始变量&#10;#set($tableName = $tool.append($tableInfo.name, &quot;ServiceImpl&quot;))&#10;##设置回调&#10;$!callback.setFileName($tool.append($tableName, &quot;.java&quot;))&#10;$!callback.setSavePath($tool.append($tableInfo.savePath, &quot;/service/impl&quot;))&#10;&#10;##拿到主键&#10;#if(!$tableInfo.pkColumn.isEmpty())&#10;    #set($pk = $tableInfo.pkColumn.get(0))&#10;#end&#10;&#10;#if($tableInfo.savePackageName)package $!{tableInfo.savePackageName}.#{end}service.impl;&#10;&#10;import $!{tableInfo.savePackageName}.entity.$!{tableInfo.name};&#10;import $!{tableInfo.savePackageName}.dao.$!{tableInfo.name}Dao;&#10;import $!{tableInfo.savePackageName}.service.$!{tableInfo.name}Service;&#10;import org.springframework.stereotype.Service;&#10;&#10;import javax.annotation.Resource;&#10;import java.util.List;&#10;&#10;/**&#10; * $!{tableInfo.comment}($!{tableInfo.name})表服务实现类&#10; *&#10; * @author $!author&#10; * @since $!time.currTime()&#10; */&#10;@Service(&quot;$!tool.firstLowerCase($!{tableInfo.name})Service&quot;)&#10;public class $!{tableName} implements $!{tableInfo.name}Service {&#10;    @Resource&#10;    private $!{tableInfo.name}Dao $!tool.firstLowerCase($!{tableInfo.name})Dao;&#10;&#10;    /**&#10;     * 通过ID查询单条数据&#10;     *&#10;     * @param $!pk.name 主键&#10;     * @return 实例对象&#10;     */&#10;    @Override&#10;    public $!{tableInfo.name} queryById($!pk.shortType $!pk.name) {&#10;        return this.$!{tool.firstLowerCase($!{tableInfo.name})}Dao.queryById($!pk.name);&#10;    }&#10;&#10;    /**&#10;     * 查询多条数据&#10;     *&#10;     * @param offset 查询起始位置&#10;     * @param limit 查询条数&#10;     * @return 对象列表&#10;     */&#10;    @Override&#10;    public List&lt;$!{tableInfo.name}&gt; queryAllByLimit(int offset, int limit) {&#10;        return this.$!{tool.firstLowerCase($!{tableInfo.name})}Dao.queryAllByLimit(offset, limit);&#10;    }&#10;&#10;    /**&#10;     * 新增数据&#10;     *&#10;     * @param $!tool.firstLowerCase($!{tableInfo.name}) 实例对象&#10;     * @return 实例对象&#10;     */&#10;    @Override&#10;    public $!{tableInfo.name} insert($!{tableInfo.name} $!tool.firstLowerCase($!{tableInfo.name})) {&#10;        this.$!{tool.firstLowerCase($!{tableInfo.name})}Dao.insert($!tool.firstLowerCase($!{tableInfo.name}));&#10;        return $!tool.firstLowerCase($!{tableInfo.name});&#10;    }&#10;&#10;    /**&#10;     * 修改数据&#10;     *&#10;     * @param $!tool.firstLowerCase($!{tableInfo.name}) 实例对象&#10;     * @return 实例对象&#10;     */&#10;    @Override&#10;    public $!{tableInfo.name} update($!{tableInfo.name} $!tool.firstLowerCase($!{tableInfo.name})) {&#10;        this.$!{tool.firstLowerCase($!{tableInfo.name})}Dao.update($!tool.firstLowerCase($!{tableInfo.name}));&#10;        return this.queryById($!{tool.firstLowerCase($!{tableInfo.name})}.get$!tool.firstUpperCase($pk.name)());&#10;    }&#10;&#10;    /**&#10;     * 通过主键删除数据&#10;     *&#10;     * @param $!pk.name 主键&#10;     * @return 是否成功&#10;     */&#10;    @Override&#10;    public boolean deleteById($!pk.shortType $!pk.name) {&#10;        return this.$!{tool.firstLowerCase($!{tableInfo.name})}Dao.deleteById($!pk.name) &gt; 0;&#10;    }&#10;}" />
                    <option name="name" value="serviceImpl.java" />
                  </Template>
                  <Template>
                    <option name="code" value="##定义初始变量&#10;#set($tableName = $tool.append($tableInfo.name, &quot;Controller&quot;))&#10;##设置回调&#10;$!callback.setFileName($tool.append($tableName, &quot;.java&quot;))&#10;$!callback.setSavePath($tool.append($tableInfo.savePath, &quot;/controller&quot;))&#10;##拿到主键&#10;#if(!$tableInfo.pkColumn.isEmpty())&#10;    #set($pk = $tableInfo.pkColumn.get(0))&#10;#end&#10;&#10;#if($tableInfo.savePackageName)package $!{tableInfo.savePackageName}.#{end}controller;&#10;&#10;import $!{tableInfo.savePackageName}.entity.$!{tableInfo.name};&#10;import $!{tableInfo.savePackageName}.service.$!{tableInfo.name}Service;&#10;import org.springframework.web.bind.annotation.*;&#10;&#10;import javax.annotation.Resource;&#10;&#10;/**&#10; * $!{tableInfo.comment}($!{tableInfo.name})表控制层&#10; *&#10; * @author $!author&#10; * @since $!time.currTime()&#10; */&#10;@RestController&#10;@RequestMapping(&quot;$!tool.firstLowerCase($tableInfo.name)&quot;)&#10;public class $!{tableName} {&#10;    /**&#10;     * 服务对象&#10;     */&#10;    @Resource&#10;    private $!{tableInfo.name}Service $!tool.firstLowerCase($tableInfo.name)Service;&#10;&#10;    /**&#10;     * 通过主键查询单条数据&#10;     *&#10;     * @param id 主键&#10;     * @return 单条数据&#10;     */&#10;    @GetMapping(&quot;selectOne&quot;)&#10;    public $!{tableInfo.name} selectOne($!pk.shortType id) {&#10;        return this.$!{tool.firstLowerCase($tableInfo.name)}Service.queryById(id);&#10;    }&#10;&#10;}" />
                    <option name="name" value="controller.java" />
                  </Template>
                  <Template>
                    <option name="code" value="##引入mybatis支持&#10;$!mybatisSupport&#10;&#10;##设置保存名称与保存位置&#10;$!callback.setFileName($tool.append($!{tableInfo.name}, &quot;Dao.xml&quot;))&#10;$!callback.setSavePath($tool.append($modulePath, &quot;/src/main/resources/mapper&quot;))&#10;&#10;##拿到主键&#10;#if(!$tableInfo.pkColumn.isEmpty())&#10;    #set($pk = $tableInfo.pkColumn.get(0))&#10;#end&#10;&#10;&lt;?xml version=&quot;1.0&quot; encoding=&quot;UTF-8&quot;?&gt;&#10;&lt;!DOCTYPE mapper PUBLIC &quot;-//mybatis.org//DTD Mapper 3.0//EN&quot; &quot;http://mybatis.org/dtd/mybatis-3-mapper.dtd&quot;&gt;&#10;&lt;mapper namespace=&quot;$!{tableInfo.savePackageName}.dao.$!{tableInfo.name}Dao&quot;&gt;&#10;&#10;    &lt;resultMap type=&quot;$!{tableInfo.savePackageName}.entity.$!{tableInfo.name}&quot; id=&quot;$!{tableInfo.name}Map&quot;&gt;&#10;#foreach($column in $tableInfo.fullColumn)&#10;        &lt;result property=&quot;$!column.name&quot; column=&quot;$!column.obj.name&quot; jdbcType=&quot;$!column.ext.jdbcType&quot;/&gt;&#10;#end&#10;    &lt;/resultMap&gt;&#10;&#10;    &lt;!--查询单个--&gt;&#10;    &lt;select id=&quot;queryById&quot; resultMap=&quot;$!{tableInfo.name}Map&quot;&gt;&#10;        select&#10;          #allSqlColumn()&#10;&#10;        from $!{tableInfo.obj.parent.name}.$!tableInfo.obj.name&#10;        where $!pk.obj.name = #{$!pk.name}&#10;    &lt;/select&gt;&#10;&#10;    &lt;!--查询指定行数据--&gt;&#10;    &lt;select id=&quot;queryAllByLimit&quot; resultMap=&quot;$!{tableInfo.name}Map&quot;&gt;&#10;        select&#10;          #allSqlColumn()&#10;&#10;        from $!{tableInfo.obj.parent.name}.$!tableInfo.obj.name&#10;        limit #{offset}, #{limit}&#10;    &lt;/select&gt;&#10;&#10;    &lt;!--通过实体作为筛选条件查询--&gt;&#10;    &lt;select id=&quot;queryAll&quot; resultMap=&quot;$!{tableInfo.name}Map&quot;&gt;&#10;        select&#10;          #allSqlColumn()&#10;&#10;        from $!{tableInfo.obj.parent.name}.$!tableInfo.obj.name&#10;        &lt;where&gt;&#10;#foreach($column in $tableInfo.fullColumn)&#10;            &lt;if test=&quot;$!column.name != null#if($column.type.equals(&quot;java.lang.String&quot;)) and $!column.name != ''#end&quot;&gt;&#10;                and $!column.obj.name = #{$!column.name}&#10;            &lt;/if&gt;&#10;#end&#10;        &lt;/where&gt;&#10;    &lt;/select&gt;&#10;&#10;    &lt;!--新增所有列--&gt;&#10;    &lt;insert id=&quot;insert&quot; keyProperty=&quot;$!pk.name&quot; useGeneratedKeys=&quot;true&quot;&gt;&#10;        insert into $!{tableInfo.obj.parent.name}.$!{tableInfo.obj.name}(#foreach($column in $tableInfo.otherColumn)$!column.obj.name#if($velocityHasNext), #end#end)&#10;        values (#foreach($column in $tableInfo.otherColumn)#{$!{column.name}}#if($velocityHasNext), #end#end)&#10;    &lt;/insert&gt;&#10;&#10;    &lt;!--通过主键修改数据--&gt;&#10;    &lt;update id=&quot;update&quot;&gt;&#10;        update $!{tableInfo.obj.parent.name}.$!{tableInfo.obj.name}&#10;        &lt;set&gt;&#10;#foreach($column in $tableInfo.otherColumn)&#10;            &lt;if test=&quot;$!column.name != null#if($column.type.equals(&quot;java.lang.String&quot;)) and $!column.name != ''#end&quot;&gt;&#10;                $!column.obj.name = #{$!column.name},&#10;            &lt;/if&gt;&#10;#end&#10;        &lt;/set&gt;&#10;        where $!pk.obj.name = #{$!pk.name}&#10;    &lt;/update&gt;&#10;&#10;    &lt;!--通过主键删除--&gt;&#10;    &lt;delete id=&quot;deleteById&quot;&gt;&#10;        delete from $!{tableInfo.obj.parent.name}.$!{tableInfo.obj.name} where $!pk.obj.name = #{$!pk.name}&#10;    &lt;/delete&gt;&#10;&#10;&lt;/mapper&gt;" />
                    <option name="name" value="mapper.xml" />
                  </Template>
                  <Template>
                    <option name="code" value="//调试表原始对象&#10;$!tool.debug($tableInfo.obj)&#10;&#10;//调试列原始对象&#10;$!tool.debug($tableInfo.fullColumn.get(0).obj)&#10;&#10;//调试列原始列类型&#10;$!tool.debug($tableInfo.fullColumn.get(0).obj.dataType)&#10;&#10;//获取原始列类型中的字段&#10;sqlType = $!tool.getField($tableInfo.fullColumn.get(0).obj.dataType, &quot;typeName&quot;)&#10;&#10;//执行原始列类型中的方法&#10;sqlTypeLen = $!tableInfo.fullColumn.get(0).obj.dataType.getLength()&#10;" />
                    <option name="name" value="debug.json" />
                  </Template>
                </list>
              </option>
              <option name="name" value="Default" />
            </TemplateGroup>
          </value>
        </entry>
        <entry key="MybatisPlus">
          <value>
            <TemplateGroup>
              <option name="elementList">
                <list>
                  <Template>
                    <option name="code" value="##导入宏定义&#10;$!define&#10;&#10;##保存文件（宏定义）&#10;#save(&quot;/entity&quot;, &quot;.java&quot;)&#10;&#10;##包路径（宏定义）&#10;#setPackageSuffix(&quot;entity&quot;)&#10;&#10;##自动导入包（全局变量）&#10;$!autoImport&#10;import com.baomidou.mybatisplus.extension.activerecord.Model;&#10;import java.io.Serializable;&#10;&#10;##表注释（宏定义）&#10;#tableComment(&quot;表实体类&quot;)&#10;@SuppressWarnings(&quot;serial&quot;)&#10;public class $!{tableInfo.name} extends Model&lt;$!{tableInfo.name}&gt; {&#10;#foreach($column in $tableInfo.fullColumn)&#10;    #if(${column.comment})//${column.comment}#end&#10;&#10;    private $!{tool.getClsNameByFullName($column.type)} $!{column.name};&#10;#end&#10;&#10;#foreach($column in $tableInfo.fullColumn)&#10;#getSetMethod($column)&#10;#end&#10;&#10;#foreach($column in $tableInfo.pkColumn)&#10;    /**&#10;     * 获取主键值&#10;     *&#10;     * @return 主键值&#10;     */&#10;    @Override&#10;    protected Serializable pkVal() {&#10;        return this.$!column.name;&#10;    }&#10;    #break&#10;#end&#10;}" />
                    <option name="name" value="entity" />
                  </Template>
                  <Template>
                    <option name="code" value="##导入宏定义&#10;$!define&#10;&#10;##设置表后缀（宏定义）&#10;#setTableSuffix(&quot;Dao&quot;)&#10;&#10;##保存文件（宏定义）&#10;#save(&quot;/dao&quot;, &quot;Dao.java&quot;)&#10;&#10;##包路径（宏定义）&#10;#setPackageSuffix(&quot;dao&quot;)&#10;&#10;import com.baomidou.mybatisplus.core.mapper.BaseMapper;&#10;import $!{tableInfo.savePackageName}.entity.$!tableInfo.name;&#10;&#10;##表注释（宏定义）&#10;#tableComment(&quot;表数据库访问层&quot;)&#10;public interface $!{tableName} extends BaseMapper&lt;$!tableInfo.name&gt; {&#10;&#10;}" />
                    <option name="name" value="dao" />
                  </Template>
                  <Template>
                    <option name="code" value="##导入宏定义&#10;$!define&#10;&#10;##设置表后缀（宏定义）&#10;#setTableSuffix(&quot;Service&quot;)&#10;&#10;##保存文件（宏定义）&#10;#save(&quot;/service&quot;, &quot;Service.java&quot;)&#10;&#10;##包路径（宏定义）&#10;#setPackageSuffix(&quot;service&quot;)&#10;&#10;import com.baomidou.mybatisplus.extension.service.IService;&#10;import $!{tableInfo.savePackageName}.entity.$!tableInfo.name;&#10;&#10;##表注释（宏定义）&#10;#tableComment(&quot;表服务接口&quot;)&#10;public interface $!{tableName} extends IService&lt;$!tableInfo.name&gt; {&#10;&#10;}" />
                    <option name="name" value="service" />
                  </Template>
                  <Template>
                    <option name="code" value="##导入宏定义&#10;$!define&#10;&#10;##设置表后缀（宏定义）&#10;#setTableSuffix(&quot;ServiceImpl&quot;)&#10;&#10;##保存文件（宏定义）&#10;#save(&quot;/service/impl&quot;, &quot;ServiceImpl.java&quot;)&#10;&#10;##包路径（宏定义）&#10;#setPackageSuffix(&quot;service.impl&quot;)&#10;&#10;import com.baomidou.mybatisplus.extension.service.impl.ServiceImpl;&#10;import $!{tableInfo.savePackageName}.dao.$!{tableInfo.name}Dao;&#10;import $!{tableInfo.savePackageName}.entity.$!{tableInfo.name};&#10;import $!{tableInfo.savePackageName}.service.$!{tableInfo.name}Service;&#10;import org.springframework.stereotype.Service;&#10;&#10;##表注释（宏定义）&#10;#tableComment(&quot;表服务实现类&quot;)&#10;@Service(&quot;$!tool.firstLowerCase($tableInfo.name)Service&quot;)&#10;public class $!{tableName} extends ServiceImpl&lt;$!{tableInfo.name}Dao, $!{tableInfo.name}&gt; implements $!{tableInfo.name}Service {&#10;&#10;}" />
                    <option name="name" value="serviceImpl" />
                  </Template>
                  <Template>
                    <option name="code" value="##导入宏定义&#10;$!define&#10;&#10;##设置表后缀（宏定义）&#10;#setTableSuffix(&quot;Controller&quot;)&#10;&#10;##保存文件（宏定义）&#10;#save(&quot;/controller&quot;, &quot;Controller.java&quot;)&#10;&#10;##包路径（宏定义）&#10;#setPackageSuffix(&quot;controller&quot;)&#10;&#10;##定义服务名&#10;#set($serviceName = $!tool.append($!tool.firstLowerCase($!tableInfo.name), &quot;Service&quot;))&#10;&#10;##定义实体对象名&#10;#set($entityName = $!tool.firstLowerCase($!tableInfo.name))&#10;&#10;import com.baomidou.mybatisplus.core.conditions.query.QueryWrapper;&#10;import com.baomidou.mybatisplus.extension.api.ApiController;&#10;import com.baomidou.mybatisplus.extension.api.R;&#10;import com.baomidou.mybatisplus.extension.plugins.pagination.Page;&#10;import $!{tableInfo.savePackageName}.entity.$!tableInfo.name;&#10;import $!{tableInfo.savePackageName}.service.$!{tableInfo.name}Service;&#10;import org.springframework.web.bind.annotation.*;&#10;&#10;import javax.annotation.Resource;&#10;import java.io.Serializable;&#10;import java.util.List;&#10;&#10;##表注释（宏定义）&#10;#tableComment(&quot;表控制层&quot;)&#10;@RestController&#10;@RequestMapping(&quot;$!tool.firstLowerCase($!tableInfo.name)&quot;)&#10;public class $!{tableName} extends ApiController {&#10;    /**&#10;     * 服务对象&#10;     */&#10;    @Resource&#10;    private $!{tableInfo.name}Service $!{serviceName};&#10;&#10;    /**&#10;     * 分页查询所有数据&#10;     *&#10;     * @param page 分页对象&#10;     * @param $!entityName 查询实体&#10;     * @return 所有数据&#10;     */&#10;    @GetMapping&#10;    public R selectAll(Page&lt;$!tableInfo.name&gt; page, $!tableInfo.name $!entityName) {&#10;        return success(this.$!{serviceName}.page(page, new QueryWrapper&lt;&gt;($!entityName)));&#10;    }&#10;&#10;    /**&#10;     * 通过主键查询单条数据&#10;     *&#10;     * @param id 主键&#10;     * @return 单条数据&#10;     */&#10;    @GetMapping(&quot;{id}&quot;)&#10;    public R selectOne(@PathVariable Serializable id) {&#10;        return success(this.$!{serviceName}.getById(id));&#10;    }&#10;&#10;    /**&#10;     * 新增数据&#10;     *&#10;     * @param $!entityName 实体对象&#10;     * @return 新增结果&#10;     */&#10;    @PostMapping&#10;    public R insert(@RequestBody $!tableInfo.name $!entityName) {&#10;        return success(this.$!{serviceName}.save($!entityName));&#10;    }&#10;&#10;    /**&#10;     * 修改数据&#10;     *&#10;     * @param $!entityName 实体对象&#10;     * @return 修改结果&#10;     */&#10;    @PutMapping&#10;    public R update(@RequestBody $!tableInfo.name $!entityName) {&#10;        return success(this.$!{serviceName}.updateById($!entityName));&#10;    }&#10;&#10;    /**&#10;     * 删除数据&#10;     *&#10;     * @param idList 主键结合&#10;     * @return 删除结果&#10;     */&#10;    @DeleteMapping&#10;    public R delete(@RequestParam(&quot;idList&quot;) List&lt;Long&gt; idList) {&#10;        return success(this.$!{serviceName}.removeByIds(idList));&#10;    }&#10;}" />
                    <option name="name" value="controller" />
                  </Template>
                </list>
              </option>
              <option name="name" value="MybatisPlus" />
            </TemplateGroup>
          </value>
        </entry>
        <entry key="graphql">
          <value>
            <TemplateGroup>
              <option name="elementList">
                <list>
                  <Template>
                    <option name="code" value="##导入宏定义&#10;$!define&#10;&#10;##保存文件（宏定义）&#10;#save(&quot;/entity&quot;, &quot;.java&quot;)&#10;&#10;##包路径（宏定义）&#10;#setPackageSuffix(&quot;entity&quot;)&#10;&#10;##自动导入包（全局变量）&#10;$!autoImport&#10;import lombok.Data;&#10;import com.baomidou.mybatisplus.annotation.IdType;&#10;import com.baomidou.mybatisplus.annotation.TableField;&#10;import com.baomidou.mybatisplus.annotation.TableId;&#10;import com.baomidou.mybatisplus.annotation.TableName;&#10;import com.rains.graphql.common.domain.BaseEntity;&#10;import lombok.EqualsAndHashCode;&#10;&#10;&#10;##表注释（宏定义）&#10;#tableComment(&quot;表实体类&quot;)&#10;@Data&#10;@EqualsAndHashCode(callSuper = true)&#10;@TableName(&quot;${tool.hump2Underline($!{tableInfo.name})}&quot;)&#10;public class $!{tableInfo.name} extends BaseEntity {&#10;#foreach($column in $tableInfo.pkColumn)&#10;    @TableId(value = &quot;${column.name}&quot;, type = IdType.AUTO)&#10;    private $!{tool.getClsNameByFullName($column.type)} $!{tool.getJavaName($column.name)};&#10;#end&#10;&#10;#foreach($column in $tableInfo.otherColumn)&#10;  #if(${column.comment})&#10;  /** ${column.comment} */ &#10;  #end&#10;  private $!{tool.getClsNameByFullName($column.type)} $!{column.name};&#10;#end&#10;&#10;}" />
                    <option name="name" value="entity" />
                  </Template>
                  <Template>
                    <option name="code" value="##导入宏定义&#10;$!define&#10;&#10;##设置表后缀（宏定义）&#10;#setTableSuffix(&quot;Service&quot;)&#10;&#10;##保存文件（宏定义）&#10;#save(&quot;/service&quot;, &quot;Service.java&quot;)&#10;&#10;##包路径（宏定义）&#10;#setPackageSuffix(&quot;service&quot;)&#10;&#10;import com.rains.graphql.common.domain.QueryRequest;&#10;import com.rains.graphql.system.service.IBaseService;&#10;import $!{tableInfo.savePackageName}.entity.$!tableInfo.name;&#10;&#10;##表注释（宏定义）&#10;#tableComment(&quot;表服务接口&quot;)&#10;public interface $!{tableName} extends IBaseService&lt;$!tableInfo.name&gt; {&#10;&#10;}" />
                    <option name="name" value="service" />
                  </Template>
                  <Template>
                    <option name="code" value="##导入宏定义&#10;$!define&#10;&#10;##设置表后缀（宏定义）&#10;#setTableSuffix(&quot;ServiceImpl&quot;)&#10;&#10;##保存文件（宏定义）&#10;#save(&quot;/service/impl&quot;, &quot;ServiceImpl.java&quot;)&#10;&#10;##包路径（宏定义）&#10;#setPackageSuffix(&quot;service.impl&quot;)&#10;&#10;import $!{tableInfo.savePackageName}.mapper.$!{tableInfo.name}Mapper;&#10;import $!{tableInfo.savePackageName}.entity.$!{tableInfo.name};&#10;import $!{tableInfo.savePackageName}.service.$!{tableInfo.name}Service;&#10;import com.rains.graphql.system.service.impl.BaseService;&#10;import org.springframework.stereotype.Service;&#10;import org.springframework.beans.factory.annotation.Autowired;&#10;import org.springframework.transaction.annotation.Transactional;&#10;&#10;##表注释（宏定义）&#10;#tableComment(&quot;表服务实现类&quot;)&#10;@Service&#10;@Transactional&#10;public class $!{tableName} extends BaseService&lt;$!{tableInfo.name}Mapper, $!{tableInfo.name}&gt; implements $!{tableInfo.name}Service {&#10;&#10;}" />
                    <option name="name" value="serviceImpl" />
                  </Template>
                  <Template>
                    <option name="code" value="##导入宏定义&#10;$!define&#10;&#10;##设置表后缀（宏定义）&#10;#setTableSuffix(&quot;Mapper&quot;)&#10;&#10;##保存文件（宏定义）&#10;#save(&quot;/mapper&quot;, &quot;Mapper.java&quot;)&#10;&#10;##包路径（宏定义）&#10;#setPackageSuffix(&quot;mapper&quot;)&#10;&#10;import com.baomidou.mybatisplus.core.mapper.BaseMapper;&#10;import $!{tableInfo.savePackageName}.entity.$!tableInfo.name;&#10;&#10;##表注释（宏定义）&#10;#tableComment(&quot;表数据库访问层&quot;)&#10;public interface $!{tableName} extends BaseMapper&lt;$!tableInfo.name&gt; {&#10;&#10;}" />
                    <option name="name" value="mapper" />
                  </Template>
                  <Template>
                    <option name="code" value="##导入宏定义&#10;$!define&#10;&#10;##设置表后缀（宏定义）&#10;#setTableSuffix(&quot;Mutation&quot;)&#10;&#10;##保存文件（宏定义）&#10;#save(&quot;/mutation&quot;, &quot;Mutation.java&quot;)&#10;&#10;##包路径（宏定义）&#10;#setPackageSuffix(&quot;mutation&quot;)&#10;&#10;##定义服务名&#10;#set($serviceName = $!tool.append($!tool.firstLowerCase($!tableInfo.name), &quot;Mutation&quot;))&#10;&#10;##定义实体对象名&#10;#set($entityName = $!tool.firstLowerCase($!tableInfo.name))&#10;&#10;&#10;import $!{tableInfo.savePackageName}.entity.$!tableInfo.name;&#10;import $!{tableInfo.savePackageName}.service.$!{tableInfo.name}Service;&#10;&#10;import com.coxautodev.graphql.tools.GraphQLMutationResolver;&#10;import com.rains.graphql.common.annotation.Log;&#10;import com.rains.graphql.common.domain.QueryRequest;&#10;import com.rains.graphql.system.mutation.BaseMutation;&#10;import graphql.schema.DataFetchingEnvironment;&#10;import lombok.extern.slf4j.Slf4j;&#10;import org.apache.shiro.authz.annotation.RequiresPermissions;&#10;import org.springframework.beans.factory.annotation.Autowired;&#10;import org.springframework.stereotype.Component;&#10;&#10;&#10;import java.util.function.Consumer;&#10;&#10;##表注释（宏定义）&#10;#tableComment(&quot;表控制层&quot;)&#10;@Slf4j&#10;@Component&#10;public class $!{tableName} implements GraphQLMutationResolver {&#10;    /**&#10;     * 服务对象&#10;     */&#10;    @Autowired&#10;    private $!{tableInfo.name}Service $!{tool.firstLowerCase($!{tableInfo.name})}Service;&#10;    &#10;    @Log(&quot;[#request.opt]操作系统日志&quot;)&#10;    @RequiresPermissions(&quot;${serviceName}:[#request.opt]&quot;)&#10;    public boolean ${serviceName}BaseMutation(QueryRequest request, DataFetchingEnvironment env) {&#10;   &#10;        if (&quot;importTable&quot;.equals(request.getOpt())) {&#10;           Consumer&lt;QueryRequest&gt; exportOpt = q -&gt; $!{tool.firstLowerCase($!{tableInfo.name})}Service.export(q, env);&#10;            request.opt(request.getOpt(), exportOpt);&#10;        }&#10;&#10;&#10;        return $!{tool.firstLowerCase($!{tableInfo.name})}Service.baseOpt(request);&#10;    }&#10;&#10;    &#10;}" />
                    <option name="name" value="GraphQLMutationResolver" />
                  </Template>
                  <Template>
                    <option name="code" value="##导入宏定义&#10;$!define&#10;&#10;##设置表后缀（宏定义）&#10;#setTableSuffix(&quot;Query&quot;)&#10;&#10;##保存文件（宏定义）&#10;#save(&quot;/query&quot;, &quot;Query.java&quot;)&#10;&#10;##包路径（宏定义）&#10;#setPackageSuffix(&quot;query&quot;)&#10;&#10;##定义服务名&#10;#set($serviceName = $!tool.append($!tool.firstLowerCase($!tableInfo.name), &quot;Query&quot;))&#10;&#10;##定义实体对象名&#10;#set($entityName = $!tool.firstLowerCase($!tableInfo.name))&#10;&#10;&#10;import $!{tableInfo.savePackageName}.entity.$!tableInfo.name;&#10;import $!{tableInfo.savePackageName}.service.$!{tableInfo.name}Service;&#10;import com.coxautodev.graphql.tools.GraphQLQueryResolver;&#10;import com.rains.graphql.common.domain.QueryRequest;&#10;import com.rains.graphql.system.domain.PageData;&#10;import lombok.extern.slf4j.Slf4j;&#10;import org.apache.shiro.authz.annotation.RequiresPermissions;&#10;import org.springframework.beans.factory.annotation.Autowired;&#10;import org.springframework.stereotype.Component;&#10;&#10;&#10;##表注释（宏定义）&#10;#tableComment(&quot;表控制层&quot;)&#10;@Slf4j&#10;@Component&#10;public class ${tableName} implements GraphQLQueryResolver {&#10;    /**&#10;     * 服务对象&#10;     */&#10;    @Autowired&#10;    private $!{tableInfo.name}Service $!{tool.firstLowerCase($!{tableInfo.name})}Service;&#10;    &#10;    @RequiresPermissions(&quot;$!{tool.firstLowerCase($!{tableInfo.name})}:view&quot;)&#10;    public PageData&lt;$!{tableInfo.name}&gt; $!{tableInfo.name}Page(QueryRequest request) {&#10;        return $!{tool.firstLowerCase($!{tableInfo.name})}Service.query(request);&#10;    }&#10;    &#10;   &#10;&#10;    &#10;}" />
                    <option name="name" value="GraphQLQueryResolver" />
                  </Template>
                  <Template>
                    <option name="code" value="##导入宏定义&#10;$!define&#10;&#10;##保存文件（宏定义）&#10;#save(&quot;/graphql&quot;, &quot;.graphqls&quot;)&#10;&#10;$!graphqlSupport&#10;&#10;&#10;&#10;# $!{tableInfo.comment}查询参数&#10;type $!{tableInfo.name} {&#10;#allGraphqlColumn()&#10;}&#10;&#10;# $!{tableInfo.comment} 分页返回&#10;type $!{tableInfo.name}s {&#10;    data: [$!{tableInfo.name}!]!&#10;    total: Int&#10;}&#10;&#10;extend type Query {&#10;    # $!{tableInfo.comment}分页&#10;    $!{tool.firstLowerCase($!{tableInfo.name})}Page(page: QueryRequest): $!{tableInfo.name}s&#10;}&#10;extend type Mutation {&#10;# $!{tableInfo.comment} 编辑 包括新增、修改、删除   &#10;# opt:insert表示新增&#10;# opt:update表示修改&#10;# opt:delete表示删除&#10;   $!{tool.firstLowerCase($!{tableInfo.name})}BaseMutation(request: QueryRequest): Boolean&#10;}" />
                    <option name="name" value="graphql" />
                  </Template>
                  <Template>
                    <option name="code" value="##导入宏定义&#10;$!define&#10;&#10;##设置表后缀（宏定义）&#10;#setTableSuffix(&quot;Mapper&quot;)&#10;&#10;##保存文件（宏定义）&#10;#save(&quot;/&quot;, &quot;.xml&quot;)&#10;&#10;&#10;&lt;?xml version=&quot;1.0&quot; encoding=&quot;UTF-8&quot; ?&gt;&#10;&lt;!DOCTYPE mapper&#10;        PUBLIC &quot;-//mybatis.org//DTD Mapper 3.0//EN&quot;&#10;        &quot;http://mybatis.org/dtd/mybatis-3-mapper.dtd&quot;&gt;&#10;&lt;mapper namespace=&quot;$!{tableInfo.savePackageName}.mapper.$!{tableInfo.name}Mapper&quot;&gt;&#10;&#10;&lt;/mapper&gt;&#10;" />
                    <option name="name" value="mapperxml" />
                  </Template>
                  <Template>
                    <option name="code" value="##导入宏定义&#10;$!define&#10;&#10;##设置表后缀（宏定义）&#10;#setTableSuffix(&quot;Api&quot;)&#10;&#10;##保存文件（宏定义）&#10;#save(&quot;/&quot;, &quot;.js&quot;)&#10;&#10;$!graphqlSupport&#10;&#10;#allGraphqlColumn()&#10;&#10;&#10;" />
                    <option name="name" value="api_js" />
                  </Template>
                  <Template>
                    <option name="code" value="##导入宏定义&#10;$!define&#10;&#10;##设置表后缀（宏定义）&#10;#setTableSuffix(&quot;Query&quot;)&#10;&#10;##保存文件（宏定义）&#10;#save(&quot;/operation&quot;, &quot;.js&quot;)&#10;&#10;&#10;export const pageQuery = `query pageQuery($request: QueryRequest) {&#10;  pageData: ${tool.firstLowerCase($tableInfo.name)}Page(page:$request){&#10;    data{&#10;#foreach ($column in $tableInfo.fullColumn)&#10;    //$column.comment&#10;    $column.name&#10;#end&#10;    }&#10;    total&#10;  }&#10;}`&#10;&#10;export const ${tool.firstLowerCase($tableInfo.name)}baseMutation = `mutation baseMutation($request:QueryRequest){&#10;  ${tool.firstLowerCase($tableInfo.name)}BaseMutation(page:$request)&#10;}`&#10;" />
                    <option name="name" value="query_js" />
                  </Template>
                </list>
              </option>
              <option name="name" value="graphql" />
            </TemplateGroup>
          </value>
        </entry>
        <entry key="graphqlVue">
          <value>
            <TemplateGroup>
              <option name="elementList">
                <list>
                  <Template>
                    <option name="code" value="##导入宏定义&#10;$!define&#10;&#10;#initModule&#10;&#10;##保存文件（宏定义）&#10;#save(&quot;/&quot;, &quot;.Vue&quot;)&#10;&#10;&#10;&#10;&lt;template&gt;&#10;    &lt;div class=&quot;app-container&quot;&gt;&#10;        &lt;el-form :model=&quot;queryParams&quot; ref=&quot;queryForm&quot; :inline=&quot;true&quot; label-width=&quot;68px&quot;&gt;&#10;            #foreach($column in $tableInfo.fullColumn)&#10;    #if($column.ext.isQuery)&#10;        #set($dictType=$column.ext.dictType)&#10;        #set($AttrName=$column.name)&#10;        #set($parentheseIndex=$column.comment.indexOf(&quot;（&quot;))&#10;        #if($parentheseIndex != -1)&#10;            #set($comment=$column.comment.substring(0, $parentheseIndex))&#10;        #else&#10;            #set($comment=$column.comment)&#10;        #end&#10;        #if($column.htmlType == &quot;input&quot;)&#10;                        &lt;el-form-item label=&quot;${comment}&quot; prop=&quot;${column.name}&quot;&gt;&#10;                            &lt;el-input&#10;                                    v-model=&quot;queryParams.${column.name}&quot;&#10;                                    placeholder=&quot;请输入${comment}&quot;&#10;                                    clearable&#10;                                    size=&quot;small&quot;&#10;                                    @keyup.enter.native=&quot;handleQuery&quot;&#10;                            /&gt;&#10;                        &lt;/el-form-item&gt;&#10;                    #elseif(($column.htmlType == &quot;select&quot; || $column.htmlType == &quot;radio&quot;) &amp;&amp; &quot;&quot; != $dictType)&#10;                        &lt;el-form-item label=&quot;${comment}&quot; prop=&quot;${column.name}&quot;&gt;&#10;                            &lt;el-select v-model=&quot;queryParams.${column.name}&quot; placeholder=&quot;请选择${comment}&quot; clearable&#10;                                       size=&quot;small&quot;&gt;&#10;                                &lt;el-option&#10;                                        v-for=&quot;dict in ${column.name}Options&quot;&#10;                                        :key=&quot;dict.dictValue&quot;&#10;                                        :label=&quot;dict.dictLabel&quot;&#10;                                        :value=&quot;dict.dictValue&quot;&#10;                                /&gt;&#10;                            &lt;/el-select&gt;&#10;                        &lt;/el-form-item&gt;&#10;                    #elseif(($column.htmlType == &quot;select&quot; || $column.htmlType == &quot;radio&quot;) &amp;&amp; $dictType)&#10;                        &lt;el-form-item label=&quot;${comment}&quot; prop=&quot;${column.name}&quot;&gt;&#10;                            &lt;el-select v-model=&quot;queryParams.${column.name}&quot; placeholder=&quot;请选择${comment}&quot; clearable&#10;                                       size=&quot;small&quot;&gt;&#10;                                &lt;el-option label=&quot;请选择字典生成&quot; value=&quot;&quot;/&gt;&#10;                            &lt;/el-select&gt;&#10;                        &lt;/el-form-item&gt;&#10;                    #elseif($column.htmlType == &quot;datetime&quot;)&#10;                        &lt;el-form-item label=&quot;${comment}&quot; prop=&quot;${column.name}&quot;&gt;&#10;                            &lt;el-date-picker clearable size=&quot;small&quot; style=&quot;width: 200px&quot;&#10;                                            v-model=&quot;queryParams.${column.name}&quot;&#10;                                            type=&quot;date&quot;&#10;                                            value-format=&quot;yyyy-MM-dd&quot;&#10;                                            placeholder=&quot;选择${comment}&quot;&gt;&#10;                            &lt;/el-date-picker&gt;&#10;                        &lt;/el-form-item&gt;&#10;                    #end&#10;    #end&#10;#end&#10;            &lt;el-form-item&gt;&#10;                &lt;el-button type=&quot;primary&quot; icon=&quot;el-icon-search&quot; size=&quot;mini&quot; @click=&quot;handleQuery&quot;&gt;搜索&lt;/el-button&gt;&#10;                &lt;el-button icon=&quot;el-icon-refresh&quot; size=&quot;mini&quot; @click=&quot;resetQuery&quot;&gt;重置&lt;/el-button&gt;&#10;            &lt;/el-form-item&gt;&#10;        &lt;/el-form&gt;&#10;&#10;        &lt;el-row :gutter=&quot;10&quot; class=&quot;mb8&quot;&gt;&#10;            &lt;el-col :span=&quot;1.5&quot;&gt;&#10;                &lt;el-button&#10;                        type=&quot;primary&quot;&#10;                        icon=&quot;el-icon-plus&quot;&#10;                        size=&quot;mini&quot;&#10;                        @click=&quot;handleAdd&quot;&#10;                        v-hasPermi=&quot;['${tool.firstLowerCase(${tableInfo.name})}:add']&quot;&#10;                &gt;新增&#10;                &lt;/el-button&gt;&#10;            &lt;/el-col&gt;&#10;            &lt;el-col :span=&quot;1.5&quot;&gt;&#10;                &lt;el-button&#10;                        type=&quot;success&quot;&#10;                        icon=&quot;el-icon-edit&quot;&#10;                        size=&quot;mini&quot;&#10;                        :disabled=&quot;single&quot;&#10;                        @click=&quot;handleUpdate&quot;&#10;                        v-hasPermi=&quot;['${tool.firstLowerCase(${tableInfo.name})}:edit']&quot;&#10;                &gt;修改&#10;                &lt;/el-button&gt;&#10;            &lt;/el-col&gt;&#10;            &lt;el-col :span=&quot;1.5&quot;&gt;&#10;                &lt;el-button&#10;                        type=&quot;danger&quot;&#10;                        icon=&quot;el-icon-delete&quot;&#10;                        size=&quot;mini&quot;&#10;                        :disabled=&quot;multiple&quot;&#10;                        @click=&quot;handleDelete&quot;&#10;                        v-hasPermi=&quot;['${tool.firstLowerCase(${tableInfo.name})}:remove']&quot;&#10;                &gt;删除&#10;                &lt;/el-button&gt;&#10;            &lt;/el-col&gt;&#10;            &lt;el-col :span=&quot;1.5&quot;&gt;&#10;                &lt;el-button&#10;                        type=&quot;warning&quot;&#10;                        icon=&quot;el-icon-download&quot;&#10;                        size=&quot;mini&quot;&#10;                        @click=&quot;handleExport&quot;&#10;                        v-hasPermi=&quot;['${tool.firstLowerCase(${tableInfo.name})}:export']&quot;&#10;                &gt;导出&#10;                &lt;/el-button&gt;&#10;            &lt;/el-col&gt;&#10;        &lt;/el-row&gt;&#10;&#10;        &lt;el-table v-loading=&quot;loading&quot; :data=&quot;${tool.firstLowerCase(${tableInfo.name})}List&quot; @selection-change=&quot;handleSelectionChange&quot;&gt;&#10;            &lt;el-table-column type=&quot;selection&quot; width=&quot;55&quot; align=&quot;center&quot;/&gt;&#10;            #foreach($column in $tableInfo.fullColumn)&#10;    #set($javaField=$column.name)&#10;    #set($parentheseIndex=$column.comment.indexOf(&quot;（&quot;))&#10;    #if($parentheseIndex != -1)&#10;        #set($comment=$column.comment.substring(0, $parentheseIndex))&#10;    #else&#10;        #set($comment=$column.comment)&#10;    #end&#10;    #if($tableInfo.pkColumn.contains($column))&#10;                    &lt;el-table-column label=&quot;${comment}&quot; align=&quot;center&quot; prop=&quot;${javaField}&quot;/&gt;&#10;                #elseif( $column.htmlType == &quot;datetime&quot;)&#10;                    &lt;el-table-column label=&quot;${comment}&quot; align=&quot;center&quot; prop=&quot;${javaField}&quot; width=&quot;180&quot;&gt;&#10;                        &lt;template slot-scope=&quot;scope&quot;&gt;&#10;                            &lt;span&gt;{{ parseTime(scope.row.${javaField}) }}&lt;/span&gt;&#10;                        &lt;/template&gt;&#10;                    &lt;/el-table-column&gt;&#10;                #elseif(&quot;&quot; != $column.dictType)&#10;                    &lt;el-table-column label=&quot;${comment}&quot; align=&quot;center&quot; prop=&quot;${javaField}&quot;&#10;                                     :formatter=&quot;${javaField}Format&quot;/&gt;&#10;                #elseif(&quot;&quot; != $javaField)&#10;                    &lt;el-table-column label=&quot;${comment}&quot; align=&quot;center&quot; prop=&quot;${javaField}&quot;/&gt;&#10;                #end&#10;#end&#10;            &lt;el-table-column label=&quot;操作&quot; align=&quot;center&quot; class-name=&quot;small-padding fixed-width&quot;&gt;&#10;                &lt;template slot-scope=&quot;scope&quot;&gt;&#10;                    &lt;el-button&#10;                            size=&quot;mini&quot;&#10;                            type=&quot;text&quot;&#10;                            icon=&quot;el-icon-edit&quot;&#10;                            @click=&quot;handleUpdate(scope.row)&quot;&#10;                            v-hasPermi=&quot;['${tool.firstLowerCase(${tableInfo.name})}:edit']&quot;&#10;                    &gt;修改&#10;                    &lt;/el-button&gt;&#10;                    &lt;el-button&#10;                            size=&quot;mini&quot;&#10;                            type=&quot;text&quot;&#10;                            icon=&quot;el-icon-delete&quot;&#10;                            @click=&quot;handleDelete(scope.row)&quot;&#10;                            v-hasPermi=&quot;['${tool.firstLowerCase(${tableInfo.name})}:remove']&quot;&#10;                    &gt;删除&#10;                    &lt;/el-button&gt;&#10;                &lt;/template&gt;&#10;            &lt;/el-table-column&gt;&#10;        &lt;/el-table&gt;&#10;&#10;        &lt;pagination&#10;                v-show=&quot;total&gt;0&quot;&#10;                :total=&quot;total&quot;&#10;                :page.sync=&quot;queryParams.pageNum&quot;&#10;                :limit.sync=&quot;queryParams.pageSize&quot;&#10;                @pagination=&quot;getList&quot;&#10;        /&gt;&#10;&#10;        &lt;!-- 添加或修改${tableInfo.name}对话框 --&gt;&#10;        &lt;el-dialog :title=&quot;title&quot; :visible.sync=&quot;open&quot; width=&quot;500px&quot;&gt;&#10;            &lt;el-form ref=&quot;form&quot; :model=&quot;form&quot; :rules=&quot;rules&quot; label-width=&quot;80px&quot;&gt;&#10;                #foreach($column in $tableInfo.fullColumn)&#10;    #set($field=$column.name)&#10;   &#10;        &#10;            #set($parentheseIndex=$column.comment.indexOf(&quot;（&quot;))&#10;            #if($parentheseIndex != -1)&#10;                #set($comment=$column.comment.substring(0, $parentheseIndex))&#10;            #else&#10;                #set($comment=$column.comment)&#10;            #end&#10;            #set($dictType=$column.dictType)&#10;            #if($column.htmlType == &quot;input&quot;)&#10;                                &lt;el-form-item label=&quot;${comment}&quot; prop=&quot;${field}&quot;&gt;&#10;                                    &lt;el-input v-model=&quot;form.${field}&quot; placeholder=&quot;请输入${comment}&quot;/&gt;&#10;                                &lt;/el-form-item&gt;&#10;                            #elseif($column.htmlType == &quot;select&quot; &amp;&amp; &quot;&quot; != $dictType)&#10;                                &lt;el-form-item label=&quot;${comment}&quot;&gt;&#10;                                    &lt;el-select v-model=&quot;form.${field}&quot; placeholder=&quot;请选择${comment}&quot;&gt;&#10;                                        &lt;el-option&#10;                                                v-for=&quot;dict in ${field}Options&quot;&#10;                                                :key=&quot;dict.dictValue&quot;&#10;                                                :label=&quot;dict.dictLabel&quot;&#10;                                                :value=&quot;dict.dictValue&quot;&#10;                                        &gt;&lt;/el-option&gt;&#10;                                    &lt;/el-select&gt;&#10;                                &lt;/el-form-item&gt;&#10;                            #elseif($column.htmlType == &quot;select&quot; &amp;&amp; $dictType)&#10;                                &lt;el-form-item label=&quot;${comment}&quot;&gt;&#10;                                    &lt;el-select v-model=&quot;form.${field}&quot; placeholder=&quot;请选择${comment}&quot;&gt;&#10;                                        &lt;el-option label=&quot;请选择字典生成&quot; value=&quot;&quot;/&gt;&#10;                                    &lt;/el-select&gt;&#10;                                &lt;/el-form-item&gt;&#10;                            #elseif($column.htmlType == &quot;radio&quot; &amp;&amp; &quot;&quot; != $dictType)&#10;                                &lt;el-form-item label=&quot;${comment}&quot;&gt;&#10;                                    &lt;el-radio-group v-model=&quot;form.${field}&quot;&gt;&#10;                                        &lt;el-radio&#10;                                                v-for=&quot;dict in ${field}Options&quot;&#10;                                                :key=&quot;dict.dictValue&quot;&#10;                                                :label=&quot;dict.dictValue&quot;&#10;                                        &gt;{{dict.dictLabel}}&#10;                                        &lt;/el-radio&gt;&#10;                                    &lt;/el-radio-group&gt;&#10;                                &lt;/el-form-item&gt;&#10;                            #elseif($column.htmlType == &quot;radio&quot; &amp;&amp; $dictType)&#10;                                &lt;el-form-item label=&quot;${comment}&quot;&gt;&#10;                                    &lt;el-radio-group v-model=&quot;form.${field}&quot;&gt;&#10;                                        &lt;el-radio label=&quot;1&quot;&gt;请选择字典生成&lt;/el-radio&gt;&#10;                                    &lt;/el-radio-group&gt;&#10;                                &lt;/el-form-item&gt;&#10;                            #elseif($column.htmlType == &quot;datetime&quot;)&#10;                                &lt;el-form-item label=&quot;${comment}&quot; prop=&quot;${field}&quot;&gt;&#10;                                    &lt;el-date-picker clearable size=&quot;small&quot; style=&quot;width: 200px&quot;&#10;                                                    v-model=&quot;form.${field}&quot;&#10;                                                    type=&quot;date&quot;&#10;                                                    value-format=&quot;yyyy-MM-dd&quot;&#10;                                                    placeholder=&quot;选择${comment}&quot;&gt;&#10;                                    &lt;/el-date-picker&gt;&#10;                                &lt;/el-form-item&gt;&#10;                            #elseif($column.htmlType == &quot;textarea&quot;)&#10;                                &lt;el-form-item label=&quot;${comment}&quot; prop=&quot;${field}&quot;&gt;&#10;                                    &lt;el-input v-model=&quot;form.${field}&quot; type=&quot;textarea&quot; placeholder=&quot;请输入内容&quot;/&gt;&#10;                                &lt;/el-form-item&gt;&#10;                            #end&#10;        &#10;    &#10;#end&#10;            &lt;/el-form&gt;&#10;            &lt;div slot=&quot;footer&quot; class=&quot;dialog-footer&quot;&gt;&#10;                &lt;el-button type=&quot;primary&quot; @click=&quot;submitForm&quot;&gt;确 定&lt;/el-button&gt;&#10;                &lt;el-button @click=&quot;cancel&quot;&gt;取 消&lt;/el-button&gt;&#10;            &lt;/div&gt;&#10;        &lt;/el-dialog&gt;&#10;    &lt;/div&gt;&#10;&lt;/template&gt;&#10;&#10;&lt;script&gt;&#10;    import {&#10;        list${tableInfo.name},&#10;        get${tableInfo.name},&#10;        del${tableInfo.name},&#10;        add${tableInfo.name},&#10;        update${tableInfo.name},&#10;        export${tableInfo.name} } from &quot;@/api/${moduleName}/${businessName}&quot;;&#10;&#10;    export default {&#10;        name: &quot;${tableInfo.name}&quot;,&#10;        data() {&#10;            return {&#10;                // 遮罩层&#10;                loading: true,&#10;                // 选中数组&#10;                ids: [],&#10;                // 非单个禁用&#10;                single: true,&#10;                // 非多个禁用&#10;                multiple: true,&#10;                // 总条数&#10;                total: 0,&#10;                // ${businessName}表格数据&#10;                    ${tool.firstLowerCase(${tableInfo.name})}List: [],&#10;                // 弹出层标题&#10;                title: &quot;&quot;,&#10;                // 是否显示弹出层&#10;                open: false,&#10;                #foreach ($column in $tableInfo.fullColumn)&#10;    #set($parentheseIndex=$column.comment.indexOf(&quot;（&quot;))&#10;    #if($parentheseIndex != -1)&#10;        #set($comment=$column.comment.substring(0, $parentheseIndex))&#10;    #else&#10;        #set($comment=$column.comment)&#10;    #end&#10;    #if(${column.ext.dictType} != '')&#10;                        // $comment字典&#10;        ${column.name}Options: []#if($velocityCount != $columns.size()),#end&#10;&#10;    #end&#10;#end&#10;                // 查询参数&#10;                queryParams: {&#10;                    pageNum: 1,&#10;                    pageSize: 10,;&#10;            #foreach ($column in $tableInfo.fullColumn)&#10;    #if($column.ext.isQuery)&#10;        $column.name: undefined#if($velocityCount != $columns.size()),;#end&#10;&#10;    #end&#10;#end&#10;        },&#10;            // 表单参数&#10;            {&#10;            }&#10;        ,&#10;            // 表单校验&#10;            {&#10;                #foreach ($column in $tableInfo.fullColumn)&#10;    #if($column.isRequired)&#10;        #set($parentheseIndex=$column.comment.indexOf(&quot;（&quot;))&#10;        #if($parentheseIndex != -1)&#10;            #set($comment=$column.comment.substring(0, $parentheseIndex))&#10;        #else&#10;            #set($comment=$column.comment)&#10;        #end&#10;        #set($comment=$column.comment)&#10;        $column.name: [&#10;                        {required: true, message: &quot;$comment不能为空&quot;, trigger: &quot;blur&quot;}&#10;                    ]#if($velocityCount != $columns.size()),;#end&#10;&#10;    #end&#10;#end&#10;            }&#10;        }&#10;&#10;        },&#10;        created() {&#10;            this.getList();&#10;            #foreach ($column in $tableInfo.fullColumn)&#10;    #if(${column.ext.dictType} != '')&#10;                    this.getDicts(&quot;${column.ext.dictType}&quot;).then(response =&gt; {&#10;                        this.${column.name}Options = response.data;&#10;                    });&#10;                #end&#10;#end&#10;        },&#10;        methods: {&#10;            /** 查询${tableInfo.name}列表 */&#10;            getList() {&#10;                this.loading = true;&#10;                list${tableInfo.name}(this.queryParams).then(response =&gt; {&#10;                    this.${businessName}List = response.rows;&#10;                    this.total = response.total;&#10;                    this.loading = false;&#10;                });&#10;            },&#10;            #foreach ($column in $tableInfo.fullColumn)&#10;    #if(${column.ext.dictType} != '')&#10;        #set($parentheseIndex=$column.comment.indexOf(&quot;（&quot;))&#10;        #if($parentheseIndex != -1)&#10;            #set($comment=$column.comment.substring(0, $parentheseIndex))&#10;        #else&#10;            #set($comment=$column.comment)&#10;        #end&#10;                    // $comment字典翻译&#10;        ${column.name}Format(row, column) {&#10;                        return this.selectDictLabel(this.${column.name}Options, row.${column.name});&#10;                    },&#10;                #end&#10;#end&#10;            // 取消按钮&#10;            cancel() {&#10;                this.open = false;&#10;                this.reset();&#10;            },&#10;            // 表单重置&#10;            reset() {&#10;                this.form = {;&#10;                #foreach ($column in $tableInfo.fullColumn)&#10;    #if($column.htmlType == &quot;radio&quot;)&#10;        $column.name: &quot;0&quot;#if($velocityCount != $tableInfo.fullColumn.size()),;#end&#10;&#10;    #else&#10;        $column.name: undefined#if($velocityCount != $tableInfo.fullColumn.size()),;#end&#10;&#10;    #end&#10;#end&#10;            }&#10;&#10;                this.resetForm(&quot;form&quot;);&#10;            },&#10;            /** 搜索按钮操作 */&#10;            handleQuery() {&#10;                this.queryParams.pageNum = 1;&#10;                this.getList();&#10;            },&#10;            /** 重置按钮操作 */&#10;            resetQuery() {&#10;                this.resetForm(&quot;queryForm&quot;);&#10;                this.handleQuery();&#10;            },&#10;            // 多选框选中数据&#10;            handleSelectionChange(selection) {&#10;                this.ids = selection.map(item =&gt; item.${tableInfo.pkColumn[0].name});&#10;                this.single = selection.length != 1;&#10;                this.multiple = !selection.length&#10;            },&#10;            /** 新增按钮操作 */&#10;            handleAdd() {&#10;                this.reset();&#10;                this.open = true;&#10;                this.title = &quot;添加${tableInfo.name}&quot;;&#10;            },&#10;            /** 修改按钮操作 */&#10;            handleUpdate(row) {&#10;                this.reset();&#10;                const ${tableInfo.pkColumn[0].name} =;&#10;                row.${tableInfo.pkColumn[0].name} || this.ids;&#10;                get${tableInfo.name}(${tableInfo.pkColumn[0].name}).then(response =&gt; {&#10;                    this.form = response.data;&#10;                    this.open = true;&#10;                    this.title = &quot;修改${tableInfo.name}&quot;;&#10;                });&#10;            },&#10;            /** 提交按钮 */&#10;            submitForm: function () {&#10;                this.#[[$]];&#10;                #refs[&quot;form&quot;].validate(valid =&gt; {&#10;                    if (valid) {&#10;                        if (this.form.${tableInfo.pkColumn[0].name} != undefined) {&#10;                            update${tableInfo.name}(this.form).then(response =&gt; {&#10;                                if (response.code === 200) {&#10;                                    this.msgSuccess(&quot;修改成功&quot;);&#10;                                    this.open = false;&#10;                                    this.getList();&#10;                                } else {&#10;                                    this.msgError(response.msg);&#10;                                }&#10;                            });&#10;                        } else {&#10;                            add${tableInfo.name}(this.form).then(response =&gt; {&#10;                                if (response.code === 200) {&#10;                                    this.msgSuccess(&quot;新增成功&quot;);&#10;                                    this.open = false;&#10;                                    this.getList();&#10;                                } else {&#10;                                    this.msgError(response.msg);&#10;                                }&#10;                            });&#10;                        }&#10;                    }&#10;                });&#10;            },&#10;            /** 删除按钮操作 */&#10;            handleDelete(row) {&#10;                const ${tableInfo.pkColumn[0].name}s = row.${tableInfo.pkColumn[0].name} || this.ids;&#10;                this.$confirm('是否确认删除编号为&quot;' + ${tableInfo.pkColumn[0].name}s + '&quot;的数据项?', &quot;警告&quot;, {&#10;                    confirmButtonText: &quot;确定&quot;,&#10;                    cancelButtonText: &quot;取消&quot;,&#10;                    type: &quot;warning&quot;&#10;                }).then(function () {&#10;                    return del${tableInfo.name}(${tableInfo.pkColumn[0].name}s);&#10;                }).then(() =&gt; {&#10;                    this.getList();&#10;                    this.msgSuccess(&quot;删除成功&quot;);&#10;                }).catch(function () {&#10;                });&#10;            },&#10;            /** 导出按钮操作 */&#10;            handleExport() {&#10;                const queryParams = this.queryParams;&#10;                this.$confirm('是否确认导出所有数据项?', &quot;警告&quot;, {&#10;                    confirmButtonText: &quot;确定&quot;,&#10;                    cancelButtonText: &quot;取消&quot;,&#10;                    type: &quot;warning&quot;&#10;                }).then(function () {&#10;                    return;&#10;                export&#10;                        ${BusinessName}(queryParams);&#10;                }).then(response =&gt; {&#10;                    this.download(response.msg);&#10;                }).catch(function () {&#10;                });&#10;            }&#10;        }&#10;    };&#10;&lt;/script&gt;&#10;" />
                    <option name="name" value="index" />
                  </Template>
                  <Template>
                    <option name="code" value="##导入宏定义&#10;$!define&#10;&#10;##设置表后缀（宏定义）&#10;#setTableSuffix(&quot;Api&quot;)&#10;&#10;##保存文件（宏定义）&#10;#save(&quot;/api&quot;, &quot;.js&quot;)&#10;&#10;&#10;import { addOpt, delOpt, getOne, listQuery, updateOpt } from '../commonApi'&#10;import {  ${tool.firstLowerCase($tableInfo.name)}PageQuery, ${tool.firstLowerCase($tableInfo.name)}BaseMutation } from '../../operation/${tool.firstLowerCase($tableInfo.name)}Query'&#10;&#10;// 查询公告列表&#10;export function list${tableInfo.name}(query)} {&#10;  return listQuery(query,${tool.firstLowerCase($tableInfo.name)}PageQuery)&#10;}&#10;&#10;// 查询公告详细&#10;export function get${tableInfo.name}(id) {&#10;  return getOne(id,${tool.firstLowerCase($tableInfo.name)}PageQuery)&#10;}&#10;&#10;// 新增公告&#10;export function add${tableInfo.name}(data) {&#10;  return addOpt(data,${tool.firstLowerCase($tableInfo.name)}BaseMutation)&#10;}&#10;&#10;// 修改公告&#10;export function update${tableInfo.name}(data) {&#10;  return updateOpt(data,${tool.firstLowerCase($tableInfo.name)}BaseMutation)&#10;}&#10;&#10;// 删除公告&#10;export function del${tableInfo.name}(id) {&#10;  return delOpt(id,${tool.firstLowerCase($tableInfo.name)}BaseMutation)&#10;}&#10;&#10;// 导出登录日志&#10;export function export${tableInfo.name}(query) {&#10;  return exportExcel(query,${tool.firstLowerCase($tableInfo.name)}BaseMutation,'${tableInfo.name}')&#10;}&#10;&#10;&#10;&#10;" />
                    <option name="name" value="api" />
                  </Template>
                  <Template>
                    <option name="code" value="##导入宏定义&#10;$!define&#10;&#10;##设置表后缀（宏定义）&#10;#setTableSuffix(&quot;Query&quot;)&#10;&#10;##保存文件（宏定义）&#10;#save(&quot;/operation&quot;, &quot;.js&quot;)&#10;&#10;&#10;export const pageQuery = `query pageQuery($request: QueryRequest) {&#10;  pageData: ${tool.firstLowerCase($tableInfo.name)}Page(page:$request){&#10;    data{&#10;#foreach ($column in $tableInfo.fullColumn)&#10;    //$column.comment&#10;    $column.name&#10;#end&#10;    }&#10;    total&#10;  }&#10;}`&#10;&#10;export const ${tool.firstLowerCase($tableInfo.name)}baseMutation = `mutation baseMutation($request:QueryRequest){&#10;  ${tool.firstLowerCase($tableInfo.name)}BaseMutation(page:$request)&#10;}`&#10;" />
                    <option name="name" value="query" />
                  </Template>
                  <Template>
                    <option name="code" value="##导入宏定义&#10;$!define&#10;&#10;#initModule&#10;##保存文件（宏定义）&#10;#save(&quot;/&quot;, &quot;.Vue&quot;)&#10;&#10;&lt;template&gt;&#10;    &lt;div class=&quot;app-container&quot;&gt;&#10;        &lt;el-form :model=&quot;queryParams&quot; ref=&quot;queryForm&quot; :inline=&quot;true&quot; label-width=&quot;68px&quot;&gt;&#10;            #foreach($column in $tableInfo.fullColumn)      &#10;    #if(${column.ext.isQuery})&#10;        #set($dictType=$column.ext.dictType) &#10;        #set($AttrName=$column.name)&#10;        #set($parentheseIndex=$column.comment.indexOf(&quot;（&quot;))&#10;        #if($parentheseIndex == -1)&#10;            #set($parentheseIndex=$column.comment.indexOf(&quot;(&quot;))&#10;        #end&#10;        #if($parentheseIndex != -1)&#10;            #set($comment=$column.comment.substring(0, $parentheseIndex))&#10;        #else&#10;            #set($comment=$column.comment)&#10;        #end&#10;        #if($column.htmlType == &quot;input&quot;)&#10;            &lt;el-form-item label=&quot;${comment}&quot; prop=&quot;${column.name}&quot;&gt;&#10;                &lt;el-input&#10;                        v-model=&quot;queryParams.${column.name}&quot;&#10;                        placeholder=&quot;请输入${comment}&quot;&#10;                        clearable&#10;                        size=&quot;small&quot;&#10;                        @keyup.enter.native=&quot;handleQuery&quot;&#10;                /&gt;&#10;            &lt;/el-form-item&gt;&#10;         #elseif(($column.ext.htmlType == &quot;select&quot; || $column.ext.htmlType == &quot;radio&quot;) &amp;&amp; $dictType)&#10;            &lt;el-form-item label=&quot;${comment}&quot; prop=&quot;${column.name}&quot;&gt;&#10;                &lt;el-select v-model=&quot;queryParams.${column.name}&quot; placeholder=&quot;请选择${comment}&quot; clearable&#10;                           size=&quot;small&quot;&gt;&#10;                    &lt;el-option&#10;                            v-for=&quot;dict in ${column.name}Options&quot;&#10;                            :key=&quot;dict.dictValue&quot;&#10;                            :label=&quot;dict.dictLabel&quot;&#10;                            :value=&quot;dict.dictValue&quot;&#10;                    /&gt;&#10;                &lt;/el-select&gt;&#10;            &lt;/el-form-item&gt;&#10;        #elseif(($column.ext.htmlType == &quot;select&quot; || $column.ext.htmlType == &quot;radio&quot;) &amp;&amp; $dictType)&#10;            &lt;el-form-item label=&quot;${comment}&quot; prop=&quot;${column.name}&quot;&gt;&#10;                &lt;el-select v-model=&quot;queryParams.${column.name}&quot; placeholder=&quot;请选择${comment}&quot; clearable&#10;                           size=&quot;small&quot;&gt;&#10;                    &lt;el-option label=&quot;请选择字典生成&quot; value=&quot;&quot;/&gt;&#10;                &lt;/el-select&gt;&#10;            &lt;/el-form-item&gt;&#10;        #elseif($column.ext.htmlType == &quot;datetime&quot;)&#10;            &lt;el-form-item label=&quot;${comment}&quot; prop=&quot;${column.name}&quot;&gt;&#10;                &lt;el-date-picker clearable size=&quot;small&quot; style=&quot;width: 200px&quot;&#10;                                v-model=&quot;queryParams.${column.name}&quot;&#10;                                type=&quot;date&quot;&#10;                                value-format=&quot;yyyy-MM-dd&quot;&#10;                                placeholder=&quot;选择${comment}&quot;&gt;&#10;                &lt;/el-date-picker&gt;&#10;            &lt;/el-form-item&gt;&#10;        #else&#10;            &lt;el-form-item label=&quot;${comment}&quot; prop=&quot;${column.name}&quot;&gt;&#10;                &lt;el-input&#10;                        v-model=&quot;queryParams.${column.name}&quot;&#10;                        placeholder=&quot;请输入${comment}&quot;&#10;                        clearable&#10;                        size=&quot;small&quot;&#10;                        @keyup.enter.native=&quot;handleQuery&quot;&#10;                /&gt;&#10;            &lt;/el-form-item&gt;    &#10;        #end&#10;    #end&#10;#end&#10;            &lt;el-form-item&gt;&#10;                &lt;el-button type=&quot;primary&quot; icon=&quot;el-icon-search&quot; size=&quot;mini&quot; @click=&quot;handleQuery&quot;&gt;搜索&lt;/el-button&gt;&#10;                &lt;el-button icon=&quot;el-icon-refresh&quot; size=&quot;mini&quot; @click=&quot;resetQuery&quot;&gt;重置&lt;/el-button&gt;&#10;            &lt;/el-form-item&gt;&#10;        &lt;/el-form&gt;&#10;&#10;        &lt;el-row :gutter=&quot;10&quot; class=&quot;mb8&quot;&gt;&#10;            &lt;el-col :span=&quot;1.5&quot;&gt;&#10;                &lt;el-button&#10;                        type=&quot;primary&quot;&#10;                        icon=&quot;el-icon-plus&quot;&#10;                        size=&quot;mini&quot;&#10;                        @click=&quot;handleAdd&quot;&#10;                        v-hasPermi=&quot;['${tool.firstLowerCase(${tableInfo.name})}:add']&quot;&#10;                &gt;新增&#10;                &lt;/el-button&gt;&#10;            &lt;/el-col&gt;&#10;            &lt;el-col :span=&quot;1.5&quot;&gt;&#10;                &lt;el-button&#10;                        type=&quot;success&quot;&#10;                        icon=&quot;el-icon-edit&quot;&#10;                        size=&quot;mini&quot;&#10;                        :disabled=&quot;single&quot;&#10;                        @click=&quot;handleUpdate&quot;&#10;                        v-hasPermi=&quot;['${tool.firstLowerCase(${tableInfo.name})}:edit']&quot;&#10;                &gt;修改&#10;                &lt;/el-button&gt;&#10;            &lt;/el-col&gt;&#10;            &lt;el-col :span=&quot;1.5&quot;&gt;&#10;                &lt;el-button&#10;                        type=&quot;danger&quot;&#10;                        icon=&quot;el-icon-delete&quot;&#10;                        size=&quot;mini&quot;&#10;                        :disabled=&quot;multiple&quot;&#10;                        @click=&quot;handleDelete&quot;&#10;                        v-hasPermi=&quot;['${tool.firstLowerCase(${tableInfo.name})}:remove']&quot;&#10;                &gt;删除&#10;                &lt;/el-button&gt;&#10;            &lt;/el-col&gt;&#10;            &lt;el-col :span=&quot;1.5&quot;&gt;&#10;                &lt;el-button&#10;                        type=&quot;warning&quot;&#10;                        icon=&quot;el-icon-download&quot;&#10;                        size=&quot;mini&quot;&#10;                        @click=&quot;handleExport&quot;&#10;                        v-hasPermi=&quot;['${tool.firstLowerCase(${tableInfo.name})}:export']&quot;&#10;                &gt;导出&#10;                &lt;/el-button&gt;&#10;            &lt;/el-col&gt;&#10;        &lt;/el-row&gt;&#10;&#10;        &lt;el-table v-loading=&quot;loading&quot; :data=&quot;${tool.firstLowerCase(${tableInfo.name})}List&quot; @selection-change=&quot;handleSelectionChange&quot;&gt;&#10;            &lt;el-table-column type=&quot;selection&quot; width=&quot;55&quot; align=&quot;center&quot;/&gt;&#10;            #foreach($column in $tableInfo.fullColumn)&#10;    #set($javaField=$column.name)&#10;    #set($parentheseIndex=$column.comment.indexOf(&quot;（&quot;))&#10;    #if($parentheseIndex == -1)&#10;        #set($parentheseIndex=$column.comment.indexOf(&quot;(&quot;))&#10;    #end&#10;    #if($parentheseIndex != -1)&#10;        #set($comment=$column.comment.substring(0, $parentheseIndex))&#10;    #else&#10;        #set($comment=$column.comment)&#10;    #end&#10;    #if($tableInfo.pkColumn.contains($column))&#10;                    &lt;el-table-column label=&quot;${comment}&quot; align=&quot;center&quot; prop=&quot;${javaField}&quot;/&gt;&#10;                #elseif( $column.ext.htmlType == &quot;datetime&quot;)&#10;                    &lt;el-table-column label=&quot;${comment}&quot; align=&quot;center&quot; prop=&quot;${javaField}&quot; width=&quot;180&quot;&gt;&#10;                        &lt;template slot-scope=&quot;scope&quot;&gt;&#10;                            &lt;span&gt;{{ parseTime(scope.row.${javaField}) }}&lt;/span&gt;&#10;                        &lt;/template&gt;&#10;                    &lt;/el-table-column&gt;&#10;                #elseif($column.ext.dictType)&#10;                11&#10;                    &lt;el-table-column label=&quot;${comment}&quot; align=&quot;center&quot; prop=&quot;${javaField}&quot;&#10;                                     :formatter=&quot;${javaField}Format&quot;/&gt;&#10;                #elseif(&quot;&quot; != $javaField)&#10;                    &lt;el-table-column label=&quot;${comment}&quot; align=&quot;center&quot; prop=&quot;${javaField}&quot;/&gt;&#10;                #end&#10;#end&#10;            &lt;el-table-column label=&quot;操作&quot; align=&quot;center&quot; class-name=&quot;small-padding fixed-width&quot;&gt;&#10;                &lt;template slot-scope=&quot;scope&quot;&gt;&#10;                    &lt;el-button&#10;                            size=&quot;mini&quot;&#10;                            type=&quot;text&quot;&#10;                            icon=&quot;el-icon-edit&quot;&#10;                            @click=&quot;handleUpdate(scope.row)&quot;&#10;                            v-hasPermi=&quot;['${tool.firstLowerCase(${tableInfo.name})}:edit']&quot;&#10;                    &gt;修改&#10;                    &lt;/el-button&gt;&#10;                    &lt;el-button&#10;                            size=&quot;mini&quot;&#10;                            type=&quot;text&quot;&#10;                            icon=&quot;el-icon-delete&quot;&#10;                            @click=&quot;handleDelete(scope.row)&quot;&#10;                            v-hasPermi=&quot;['${tool.firstLowerCase(${tableInfo.name})}:remove']&quot;&#10;                    &gt;删除&#10;                    &lt;/el-button&gt;&#10;                &lt;/template&gt;&#10;            &lt;/el-table-column&gt;&#10;        &lt;/el-table&gt;&#10;&#10;        &lt;pagination&#10;                v-show=&quot;total&gt;0&quot;&#10;                :total=&quot;total&quot;&#10;                :page.sync=&quot;queryParams.pageNum&quot;&#10;                :limit.sync=&quot;queryParams.pageSize&quot;&#10;                @pagination=&quot;getList&quot;&#10;        /&gt;&#10;&#10;        &lt;!-- 添加或修改${tableInfo.name}对话框 --&gt;&#10;        &lt;el-dialog :title=&quot;title&quot; :visible.sync=&quot;open&quot; width=&quot;500px&quot;&gt;&#10;            &lt;el-form ref=&quot;form&quot; :model=&quot;form&quot; :rules=&quot;rules&quot; label-width=&quot;80px&quot;&gt;&#10;                #foreach($column in $tableInfo.fullColumn)&#10;    #set($field=$column.name)&#10;    #set($parentheseIndex=$column.comment.indexOf(&quot;（&quot;))&#10;    #if($parentheseIndex != -1)&#10;        #set($parentheseIndex=$column.comment.indexOf(&quot;(&quot;))&#10;    #end&#10;    #if($parentheseIndex != -1)&#10;        #set($comment=$column.comment.substring(0, $parentheseIndex))&#10;    #else&#10;        #set($comment=$column.comment)&#10;    #end&#10;    #set($dictType=$column.ext.dictType)&#10;    #if($column.ext.htmlType == &quot;input&quot;)&#10;            &lt;el-form-item label=&quot;${comment}&quot; prop=&quot;${field}&quot;&gt;&#10;                &lt;el-input v-model=&quot;form.${field}&quot; placeholder=&quot;请输入${comment}&quot;/&gt;&#10;            &lt;/el-form-item&gt;&#10;        #elseif($column.ext.htmlType == &quot;select&quot; &amp;&amp; $dictType)&#10;            &lt;el-form-item label=&quot;${comment}&quot;&gt;&#10;                &lt;el-select v-model=&quot;form.${field}&quot; placeholder=&quot;请选择${comment}&quot;&gt;&#10;                    &lt;el-option&#10;                            v-for=&quot;dict in ${field}Options&quot;&#10;                            :key=&quot;dict.dictValue&quot;&#10;                            :label=&quot;dict.dictLabel&quot;&#10;                            :value=&quot;dict.dictValue&quot;&#10;                    &gt;&lt;/el-option&gt;&#10;                &lt;/el-select&gt;&#10;            &lt;/el-form-item&gt;&#10;        #elseif($column.ext.htmlType == &quot;select&quot; &amp;&amp; $dictType)&#10;            &lt;el-form-item label=&quot;${comment}&quot;&gt;&#10;                &lt;el-select v-model=&quot;form.${field}&quot; placeholder=&quot;请选择${comment}&quot;&gt;&#10;                    &lt;el-option label=&quot;请选择字典生成&quot; value=&quot;&quot;/&gt;&#10;                &lt;/el-select&gt;&#10;            &lt;/el-form-item&gt;&#10;        #elseif($column.ext.htmlType == &quot;radio&quot; &amp;&amp; $dictType)&#10;            &lt;el-form-item label=&quot;${comment}&quot;&gt;&#10;                &lt;el-radio-group v-model=&quot;form.${field}&quot;&gt;&#10;                    &lt;el-radio&#10;                            v-for=&quot;dict in ${field}Options&quot;&#10;                            :key=&quot;dict.dictValue&quot;&#10;                            :label=&quot;dict.dictValue&quot;&#10;                    &gt;{{dict.dictLabel}}&#10;                    &lt;/el-radio&gt;&#10;                &lt;/el-radio-group&gt;&#10;            &lt;/el-form-item&gt;&#10;        #elseif($column.ext.htmlType == &quot;radio&quot; &amp;&amp; $dictType)&#10;            &lt;el-form-item label=&quot;${comment}&quot;&gt;&#10;                &lt;el-radio-group v-model=&quot;form.${field}&quot;&gt;&#10;                    &lt;el-radio label=&quot;1&quot;&gt;请选择字典生成&lt;/el-radio&gt;&#10;                &lt;/el-radio-group&gt;&#10;            &lt;/el-form-item&gt;&#10;        #elseif($column.ext.htmlType == &quot;datetime&quot;)&#10;            &lt;el-form-item label=&quot;${comment}&quot; prop=&quot;${field}&quot;&gt;&#10;                &lt;el-date-picker clearable size=&quot;small&quot; style=&quot;width: 200px&quot;&#10;                                v-model=&quot;form.${field}&quot;&#10;                                type=&quot;date&quot;&#10;                                value-format=&quot;yyyy-MM-dd&quot;&#10;                                placeholder=&quot;选择${comment}&quot;&gt;&#10;                &lt;/el-date-picker&gt;&#10;            &lt;/el-form-item&gt;&#10;        #elseif($column.ext.htmlType == &quot;textarea&quot;)&#10;            &lt;el-form-item label=&quot;${comment}&quot; prop=&quot;${field}&quot;&gt;&#10;                &lt;el-input v-model=&quot;form.${field}&quot; type=&quot;textarea&quot; placeholder=&quot;请输入内容&quot;/&gt;&#10;            &lt;/el-form-item&gt;&#10;        #else&#10;            &lt;el-form-item label=&quot;${comment}&quot; prop=&quot;${field}&quot;&gt;&#10;                &lt;el-input v-model=&quot;form.${field}&quot; placeholder=&quot;请输入${comment}&quot;/&gt;&#10;            &lt;/el-form-item&gt;  &#10;        #end&#10;&#10;&#10;#end&#10;            &lt;/el-form&gt;&#10;            &lt;div slot=&quot;footer&quot; class=&quot;dialog-footer&quot;&gt;&#10;                &lt;el-button type=&quot;primary&quot; @click=&quot;submitForm&quot;&gt;确 定&lt;/el-button&gt;&#10;                &lt;el-button @click=&quot;cancel&quot;&gt;取 消&lt;/el-button&gt;&#10;            &lt;/div&gt;&#10;        &lt;/el-dialog&gt;&#10;    &lt;/div&gt;&#10;&lt;/template&gt;&#10;" />
                    <option name="name" value="index2" />
                  </Template>
                  <Template>
                    <option name="code" value="##导入宏定义&#10;$!define&#10;&#10;#initModule&#10;&#10;##保存文件（宏定义）&#10;#save(&quot;/&quot;, &quot;.Vue&quot;)&#10;&#10;&#10;&lt;script&gt;&#10;    import {&#10;        list${tableInfo.name},&#10;        get${tableInfo.name},&#10;        del${tableInfo.name},&#10;        add${tableInfo.name},&#10;        update${tableInfo.name},&#10;        export${tableInfo.name} } from &quot;@/api/${moduleName}/${businessName}&quot;;&#10;    &#10;    export default {&#10;      name: &quot;${tableInfo.name}&quot;,&#10;      data() {&#10;            return {&#10;                // 遮罩层&#10;                loading: true,&#10;                // 选中数组&#10;                ids: [],&#10;                // 非单个禁用&#10;                single: true,&#10;                // 非多个禁用&#10;                multiple: true,&#10;                // 总条数&#10;                total: 0,&#10;                // ${businessName}表格数据&#10;                    ${tool.firstLowerCase(${tableInfo.name})}List: [],&#10;                // 弹出层标题&#10;                title: &quot;&quot;,&#10;                // 是否显示弹出层&#10;                open: false,&#10;                #foreach ($column in $tableInfo.fullColumn)&#10;    #set($parentheseIndex=$column.comment.indexOf(&quot;（&quot;))&#10;    #if($parentheseIndex != -1)&#10;        #set($comment=$column.comment.substring(0, $parentheseIndex))&#10;    #else&#10;        #set($comment=$column.comment)&#10;    #end&#10;    #if(${column.ext.dictType})&#10;                        // $comment字典&#10;        ${column.name}Options: []#if($velocityCount != $columns.size()),#end&#10;&#10;    #end&#10;#end&#10;                // 查询参数&#10;                queryParams: {&#10;                    pageNum: 1,&#10;                    pageSize: 10,;&#10;#foreach ($column in $tableInfo.fullColumn)&#10;    #if($column.ext.isQuery)&#10;        $column.name: undefined#if($velocityCount != $columns.size()),;#end&#10;&#10;    #end&#10;#end&#10;        },&#10;            // 表单参数&#10;            {&#10;            }&#10;        ,&#10;            // 表单校验&#10;            {&#10; #foreach ($column in $tableInfo.fullColumn)&#10;    #if($column.ext.isRequired)&#10;        #set($parentheseIndex=$column.comment.indexOf(&quot;（&quot;))&#10;        #if($parentheseIndex != -1)&#10;            #set($comment=$column.comment.substring(0, $parentheseIndex))&#10;        #else&#10;            #set($comment=$column.comment)&#10;        #end&#10;        #set($comment=$column.comment)&#10;        $column.name: [&#10;                        {required: true, message: &quot;$comment不能为空&quot;, trigger: &quot;blur&quot;}&#10;                    ]#if($velocityCount != $columns.size()),;#end&#10;&#10;    #end&#10;#end&#10;            }&#10;        }&#10;&#10;        } ,&#10;        created() {} ,&#10;         methods: {&#10;            /** 查询${tableInfo.name}列表 */&#10;            getList() {&#10;                this.loading = true&#10;                list${tableInfo.name}(this.queryParams).then(response =&gt; {&#10;                    this.${tool.firstLowerCase(${tableInfo.name})}List = response.rows&#10;                    this.total = response.total;&#10;                    this.loading = false;&#10;                })&#10;            },&#10;#foreach ($column in $tableInfo.fullColumn)&#10;    #if(${column.ext.dictType})&#10;        #set($parentheseIndex=$column.comment.indexOf(&quot;（&quot;))&#10;        #if($parentheseIndex != -1)&#10;            #set($comment=$column.comment.substring(0, $parentheseIndex))&#10;        #else&#10;            #set($comment=$column.comment)&#10;        #end&#10;                    // $comment字典翻译&#10;        ${column.name}Format(row, column) {&#10;                        return this.selectDictLabel(this.${column.name}Options, row.${column.name});&#10;                    },&#10;      #end&#10;#end&#10;        }   &#10;    }&#10;   &#10;&lt;/script&gt;&#10;" />
                    <option name="name" value="index3" />
                  </Template>
                </list>
              </option>
              <option name="name" value="graphqlVue" />
            </TemplateGroup>
          </value>
        </entry>
      </map>
    </option>
  </component>
</application>